miRNA_ID,read_count,reads_per_million_miRNA_mapped,cross-mapped
hsa-let-7a-1,30869,6051.282112,N
hsa-let-7a-2,30775,6032.855194,N
hsa-let-7a-3,30891,6055.594794,N
hsa-let-7b,16720,3277.638955,N
hsa-let-7c,4251,833.327942,N
hsa-let-7d,1904,373.243096,N
hsa-let-7e,3840,752.759186,N
hsa-let-7f-1,16371,3209.224123,N
hsa-let-7f-2,16672,3268.229465,N
hsa-let-7g,3456,677.483267,N
hsa-let-7i,1822,357.168551,N
hsa-mir-100,48526,9512.602149,Y
hsa-mir-101-1,30590,5996.589452,N
hsa-mir-101-2,30917,6060.691601,N
hsa-mir-103a-1,217546,42645.76819,Y
hsa-mir-103a-2,218506,42833.957986,Y
hsa-mir-103b-1,0,0,N
hsa-mir-103b-2,0,0,N
hsa-mir-105-1,393,77.040198,N
hsa-mir-105-2,375,73.511639,N
hsa-mir-106a,166,32.541152,Y
hsa-mir-106b,3523,690.617347,N
hsa-mir-107,1448,283.852943,Y
hsa-mir-10a,74631,14629.992396,N
hsa-mir-10b,150619,29525.99891,N
hsa-mir-1-1,41,8.037273,N
hsa-mir-1178,0,0,N
hsa-mir-1179,1,0.196031,N
hsa-mir-1180,142,27.836407,N
hsa-mir-1181,2,0.392062,N
hsa-mir-1182,0,0,N
hsa-mir-1183,0,0,N
hsa-mir-1184-1,0,0,N
hsa-mir-1184-2,0,0,N
hsa-mir-1184-3,0,0,N
hsa-mir-1185-1,1,0.196031,N
hsa-mir-1185-2,3,0.588093,N
hsa-mir-1193,0,0,N
hsa-mir-1197,0,0,N
hsa-mir-1199,0,0,N
hsa-mir-1-2,34,6.665055,N
hsa-mir-1200,0,0,N
hsa-mir-1202,0,0,N
hsa-mir-1203,0,0,N
hsa-mir-1204,0,0,N
hsa-mir-1205,0,0,N
hsa-mir-1206,0,0,N
hsa-mir-1207,0,0,N
hsa-mir-1208,0,0,N
hsa-mir-122,73349,14378.680605,N
hsa-mir-1224,0,0,N
hsa-mir-1225,0,0,N
hsa-mir-1226,13,2.548403,N
hsa-mir-1227,1,0.196031,N
hsa-mir-1228,6,1.176186,N
hsa-mir-1229,5,0.980155,N
hsa-mir-1231,0,0,N
hsa-mir-1233-1,0,0,N
hsa-mir-1233-2,0,0,N
hsa-mir-1234,1,0.196031,N
hsa-mir-1236,0,0,N
hsa-mir-1237,0,0,N
hsa-mir-1238,0,0,N
hsa-mir-124-1,0,0,N
hsa-mir-124-2,0,0,N
hsa-mir-1243,0,0,N
hsa-mir-124-3,0,0,N
hsa-mir-1244-1,0,0,N
hsa-mir-1244-2,0,0,N
hsa-mir-1244-3,0,0,N
hsa-mir-1244-4,0,0,N
hsa-mir-1245a,2,0.392062,N
hsa-mir-1245b,0,0,N
hsa-mir-1246,0,0,N
hsa-mir-1247,382,74.883857,N
hsa-mir-1248,4,0.784124,N
hsa-mir-1249,8,1.568248,N
hsa-mir-1250,0,0,N
hsa-mir-1251,1,0.196031,N
hsa-mir-1252,0,0,N
hsa-mir-1253,0,0,N
hsa-mir-1254-1,0,0,N
hsa-mir-1254-2,0,0,N
hsa-mir-1255a,0,0,N
hsa-mir-1255b-1,0,0,N
hsa-mir-1255b-2,0,0,N
hsa-mir-1256,0,0,N
hsa-mir-1257,0,0,N
hsa-mir-1258,3,0.588093,N
hsa-mir-125a,2118,415.193738,N
hsa-mir-125b-1,1280,250.919729,N
hsa-mir-125b-2,1350,264.641901,N
hsa-mir-126,33923,6649.960902,N
hsa-mir-1260a,0,0,N
hsa-mir-1260b,0,0,N
hsa-mir-1261,0,0,N
hsa-mir-1262,0,0,N
hsa-mir-1263,0,0,N
hsa-mir-1264,0,0,N
hsa-mir-1265,0,0,N
hsa-mir-1266,14,2.744435,N
hsa-mir-1267,1,0.196031,N
hsa-mir-1268a,0,0,N
hsa-mir-1268b,0,0,N
hsa-mir-1269a,28,5.488869,N
hsa-mir-1269b,3088,605.343845,N
hsa-mir-127,4148,813.136746,N
hsa-mir-1270,5,0.980155,N
hsa-mir-1271,19,3.72459,N
hsa-mir-1272,0,0,N
hsa-mir-1273a,0,0,N
hsa-mir-1273c,0,0,N
hsa-mir-1273d,0,0,N
hsa-mir-1273e,0,0,N
hsa-mir-1273f,0,0,N
hsa-mir-1273g,0,0,N
hsa-mir-1273h,0,0,N
hsa-mir-1275,4,0.784124,N
hsa-mir-1276,3,0.588093,N
hsa-mir-1277,4,0.784124,N
hsa-mir-1278,0,0,N
hsa-mir-1279,0,0,N
hsa-mir-1281,0,0,N
hsa-mir-128-1,780,152.90421,N
hsa-mir-1282,0,0,N
hsa-mir-128-2,528,103.504388,N
hsa-mir-1283-1,4,0.784124,N
hsa-mir-1283-2,27,5.292838,Y
hsa-mir-1284,1,0.196031,N
hsa-mir-1285-1,0,0,N
hsa-mir-1285-2,0,0,N
hsa-mir-1286,0,0,N
hsa-mir-1287,106,20.77929,N
hsa-mir-1288,1,0.196031,N
hsa-mir-1289-1,0,0,N
hsa-mir-1289-2,0,0,N
hsa-mir-1290,0,0,N
hsa-mir-1291,5,0.980155,N
hsa-mir-129-1,6,1.176186,N
hsa-mir-1292,6,1.176186,N
hsa-mir-129-2,5,0.980155,N
hsa-mir-1293,1,0.196031,N
hsa-mir-1294,0,0,N
hsa-mir-1295a,4,0.784124,N
hsa-mir-1295b,25,4.900776,N
hsa-mir-1296,46,9.017428,N
hsa-mir-1297,0,0,N
hsa-mir-1298,8,1.568248,N
hsa-mir-1299,0,0,N
hsa-mir-1301,70,13.722173,N
hsa-mir-1302-1,0,0,N
hsa-mir-1302-10,0,0,N
hsa-mir-1302-11,0,0,N
hsa-mir-1302-2,0,0,N
hsa-mir-1302-3,0,0,N
hsa-mir-1302-4,0,0,N
hsa-mir-1302-5,0,0,N
hsa-mir-1302-6,0,0,N
hsa-mir-1302-7,0,0,N
hsa-mir-1302-8,0,0,N
hsa-mir-1302-9,0,0,N
hsa-mir-1303,1,0.196031,N
hsa-mir-1304,3,0.588093,N
hsa-mir-1305,0,0,N
hsa-mir-1306,52,10.193614,N
hsa-mir-1307,8334,1633.722671,N
hsa-mir-130a,553,108.405164,N
hsa-mir-130b,237,46.459356,N
hsa-mir-132,542,106.248823,N
hsa-mir-1321,0,0,N
hsa-mir-1322,0,0,N
hsa-mir-1323,38,7.449179,N
hsa-mir-1324,0,0,N
hsa-mir-133a-1,48,9.40949,Y
hsa-mir-133a-2,22,4.312683,N
hsa-mir-133b,6,1.176186,Y
hsa-mir-134,1299,254.644318,N
hsa-mir-1343,12,2.352372,N
hsa-mir-135a-1,3,0.588093,N
hsa-mir-135a-2,1,0.196031,N
hsa-mir-135b,7,1.372217,N
hsa-mir-136,107,20.975321,N
hsa-mir-137,2,0.392062,N
hsa-mir-138-1,10,1.96031,N
hsa-mir-138-2,2,0.392062,N
hsa-mir-139,626,122.71543,N
hsa-mir-140,10943,2145.167649,N
hsa-mir-141,18,3.528559,N
hsa-mir-142,15115,2963.009139,N
hsa-mir-143,606454,118883.807111,N
hsa-mir-144,50,9.801552,N
hsa-mir-145,13505,2647.399168,N
hsa-mir-1468,101,19.799135,N
hsa-mir-1469,0,0,N
hsa-mir-146a,401,78.608446,N
hsa-mir-146b,2253,441.657929,N
hsa-mir-1470,0,0,N
hsa-mir-1471,0,0,N
hsa-mir-147a,0,0,N
hsa-mir-147b,2,0.392062,N
hsa-mir-148a,390051,76462.102398,N
hsa-mir-148b,862,168.978755,N
hsa-mir-149,122,23.915787,N
hsa-mir-150,12055,2363.154163,N
hsa-mir-151a,11835,2320.027335,N
hsa-mir-151b,20,3.920621,N
hsa-mir-152,2935,575.351096,N
hsa-mir-153-1,1,0.196031,N
hsa-mir-153-2,51,9.997583,N
hsa-mir-1537,1,0.196031,N
hsa-mir-1538,0,0,N
hsa-mir-1539,0,0,N
hsa-mir-154,47,9.213459,N
hsa-mir-155,3664,718.257723,N
hsa-mir-1587,0,0,N
hsa-mir-15a,1081,211.909552,N
hsa-mir-15b,1745,342.074161,N
hsa-mir-16-1,1225,240.138022,N
hsa-mir-16-2,1188,232.884873,N
hsa-mir-17,14325,2808.144619,Y
hsa-mir-181a-1,3696,724.530716,N
hsa-mir-181a-2,7506,1471.408971,N
hsa-mir-181b-1,499,97.819488,N
hsa-mir-181b-2,530,103.89645,N
hsa-mir-181c,290,56.849001,N
hsa-mir-181d,52,10.193614,N
hsa-mir-182,15766,3090.625345,N
hsa-mir-1825,0,0,N
hsa-mir-1827,0,0,N
hsa-mir-183,7465,1463.371699,N
hsa-mir-184,4,0.784124,N
hsa-mir-185,382,74.883857,N
hsa-mir-186,1535,300.907643,N
hsa-mir-187,96,18.81898,N
hsa-mir-188,20,3.920621,N
hsa-mir-18a,412,80.764788,Y
hsa-mir-18b,16,3.136497,Y
hsa-mir-1908,1,0.196031,N
hsa-mir-1909,0,0,N
hsa-mir-190a,8,1.568248,N
hsa-mir-190b,0,0,N
hsa-mir-191,3821,749.034596,N
hsa-mir-1910,1,0.196031,N
hsa-mir-1911,1,0.196031,N
hsa-mir-1912,1,0.196031,N
hsa-mir-1913,0,0,N
hsa-mir-1914,1,0.196031,N
hsa-mir-1915,0,0,N
hsa-mir-192,238730,46798.489698,Y
hsa-mir-193a,2728,534.772672,N
hsa-mir-193b,1106,216.810328,N
hsa-mir-194-1,26612,5216.777983,N
hsa-mir-194-2,30196,5919.353223,N
hsa-mir-195,212,41.55858,N
hsa-mir-196a-1,0,0,N
hsa-mir-196a-2,0,0,N
hsa-mir-196b,523,102.524233,N
hsa-mir-197,2363,463.221343,N
hsa-mir-1972-1,0,0,N
hsa-mir-1972-2,0,0,N
hsa-mir-1973,0,0,N
hsa-mir-1976,46,9.017428,N
hsa-mir-198,1,0.196031,N
hsa-mir-199a-1,7154,1402.406046,Y
hsa-mir-199a-2,11427,2240.046671,Y
hsa-mir-199b,14308,2804.812092,Y
hsa-mir-19a,126,24.699911,N
hsa-mir-19b-1,376,73.70767,N
hsa-mir-19b-2,334,65.474367,N
hsa-mir-200a,151,29.600687,N
hsa-mir-200b,138,27.052283,N
hsa-mir-200c,75,14.702328,N
hsa-mir-202,1,0.196031,N
hsa-mir-203a,2005,393.042231,N
hsa-mir-203b,0,0,N
hsa-mir-204,72,14.114235,N
hsa-mir-205,0,0,N
hsa-mir-2052,0,0,N
hsa-mir-2053,0,0,N
hsa-mir-2054,0,0,N
hsa-mir-206,0,0,N
hsa-mir-208a,0,0,N
hsa-mir-208b,0,0,N
hsa-mir-20a,2795,547.906751,N
hsa-mir-20b,55,10.781707,N
hsa-mir-21,851667,166953.166029,N
hsa-mir-210,534,104.680574,N
hsa-mir-211,2,0.392062,N
hsa-mir-2110,6,1.176186,N
hsa-mir-2113,0,0,N
hsa-mir-2114,8,1.568248,N
hsa-mir-2115,0,0,N
hsa-mir-2116,4,0.784124,N
hsa-mir-2117,0,0,N
hsa-mir-212,41,8.037273,N
hsa-mir-214,128,25.091973,N
hsa-mir-215,322,63.121994,Y
hsa-mir-216a,433,84.881439,N
hsa-mir-216b,264,51.752194,N
hsa-mir-217,23106,4529.493164,N
hsa-mir-218-1,204,39.990332,N
hsa-mir-218-2,199,39.010177,N
hsa-mir-219a-1,22,4.312683,N
hsa-mir-219a-2,1,0.196031,N
hsa-mir-219b,4,0.784124,N
hsa-mir-22,782770,153447.215605,N
hsa-mir-221,539,105.660729,N
hsa-mir-222,130,25.484035,N
hsa-mir-223,819,160.54942,N
hsa-mir-224,653,128.008268,N
hsa-mir-2276,5,0.980155,N
hsa-mir-2277,8,1.568248,N
hsa-mir-2278,0,0,N
hsa-mir-2355,335,65.670398,N
hsa-mir-2392,0,0,N
hsa-mir-23a,16672,3268.229465,Y
hsa-mir-23b,19537,3829.858389,Y
hsa-mir-23c,1,0.196031,N
hsa-mir-24-1,6915,1355.554628,N
hsa-mir-24-2,6850,1342.81261,N
hsa-mir-2467,0,0,N
hsa-mir-25,69382,13601.025478,N
hsa-mir-2681,1,0.196031,N
hsa-mir-2682,0,0,N
hsa-mir-26a-1,6588,1291.452478,N
hsa-mir-26a-2,6372,1249.109774,N
hsa-mir-26b,6079,1191.67268,N
hsa-mir-27a,12388,2428.432499,Y
hsa-mir-27b,40371,7913.969035,Y
hsa-mir-28,20150,3950.025415,N
hsa-mir-2861,0,0,N
hsa-mir-2909,0,0,N
hsa-mir-296,127,24.895942,N
hsa-mir-297,0,0,N
hsa-mir-298,0,0,N
hsa-mir-299,7,1.372217,N
hsa-mir-29a,78723,15432.151403,N
hsa-mir-29b-1,5490,1076.210399,Y
hsa-mir-29b-2,2850,558.688458,N
hsa-mir-29c,50274,9855.264404,Y
hsa-mir-300,0,0,N
hsa-mir-301a,70,13.722173,N
hsa-mir-301b,2,0.392062,N
hsa-mir-302a,0,0,N
hsa-mir-302b,0,0,N
hsa-mir-302c,0,0,N
hsa-mir-302d,0,0,N
hsa-mir-302e,0,0,N
hsa-mir-302f,0,0,N
hsa-mir-3064,4,0.784124,N
hsa-mir-3065,138,27.052283,N
hsa-mir-3074,22,4.312683,N
hsa-mir-30a,104080,20402.910434,Y
hsa-mir-30b,5325,1043.865277,Y
hsa-mir-30c-1,2789,546.730565,Y
hsa-mir-30c-2,3163,620.046173,Y
hsa-mir-30d,45375,8894.908349,N
hsa-mir-30e,80716,15822.841262,Y
hsa-mir-31,10,1.96031,N
hsa-mir-3115,0,0,N
hsa-mir-3116-1,0,0,N
hsa-mir-3116-2,0,0,N
hsa-mir-3117,2,0.392062,N
hsa-mir-3118-1,0,0,N
hsa-mir-3118-2,0,0,N
hsa-mir-3118-3,0,0,N
hsa-mir-3118-4,0,0,N
hsa-mir-3119-1,0,0,N
hsa-mir-3119-2,0,0,N
hsa-mir-3120,0,0,N
hsa-mir-3121,0,0,N
hsa-mir-3122,0,0,N
hsa-mir-3123,0,0,N
hsa-mir-3124,2,0.392062,N
hsa-mir-3125,0,0,N
hsa-mir-3126,0,0,N
hsa-mir-3127,15,2.940466,N
hsa-mir-3128,0,0,N
hsa-mir-3129,0,0,N
hsa-mir-3130-1,6,1.176186,N
hsa-mir-3130-2,12,2.352372,N
hsa-mir-3131,0,0,N
hsa-mir-3132,0,0,N
hsa-mir-3133,0,0,N
hsa-mir-3134,0,0,N
hsa-mir-3135a,0,0,N
hsa-mir-3135b,0,0,N
hsa-mir-3136,0,0,N
hsa-mir-3137,0,0,N
hsa-mir-3138,0,0,N
hsa-mir-3139,0,0,N
hsa-mir-3140,0,0,N
hsa-mir-3141,0,0,N
hsa-mir-3142,0,0,N
hsa-mir-3143,0,0,N
hsa-mir-3144,4,0.784124,N
hsa-mir-3145,1,0.196031,N
hsa-mir-3146,1,0.196031,N
hsa-mir-3147,0,0,N
hsa-mir-3148,0,0,N
hsa-mir-3149,0,0,N
hsa-mir-3150a,0,0,N
hsa-mir-3150b,7,1.372217,N
hsa-mir-3151,0,0,N
hsa-mir-3152,0,0,N
hsa-mir-3153,0,0,N
hsa-mir-3154,0,0,N
hsa-mir-3155a,0,0,N
hsa-mir-3155b,0,0,N
hsa-mir-3156-1,0,0,N
hsa-mir-3156-2,0,0,N
hsa-mir-3156-3,0,0,N
hsa-mir-3157,1,0.196031,N
hsa-mir-3158-1,0,0,N
hsa-mir-3158-2,0,0,N
hsa-mir-3159,0,0,N
hsa-mir-3160-1,0,0,N
hsa-mir-3160-2,0,0,N
hsa-mir-3161,7,1.372217,N
hsa-mir-3162,0,0,N
hsa-mir-3163,0,0,N
hsa-mir-3164,0,0,N
hsa-mir-3165,0,0,N
hsa-mir-3166,0,0,N
hsa-mir-3167,0,0,N
hsa-mir-3168,0,0,N
hsa-mir-3169,0,0,N
hsa-mir-3170,6,1.176186,N
hsa-mir-3171,2,0.392062,N
hsa-mir-3173,3,0.588093,N
hsa-mir-3174,0,0,N
hsa-mir-3175,1,0.196031,N
hsa-mir-3176,0,0,N
hsa-mir-3177,0,0,N
hsa-mir-3178,1,0.196031,N
hsa-mir-3179-1,0,0,N
hsa-mir-3179-2,0,0,N
hsa-mir-3179-3,0,0,N
hsa-mir-3179-4,0,0,N
hsa-mir-3180-1,0,0,N
hsa-mir-3180-2,0,0,N
hsa-mir-3180-3,0,0,N
hsa-mir-3180-4,0,0,N
hsa-mir-3180-5,0,0,N
hsa-mir-3181,0,0,N
hsa-mir-3182,0,0,N
hsa-mir-3183,0,0,N
hsa-mir-3184,0,0,N
hsa-mir-3185,0,0,N
hsa-mir-3186,0,0,N
hsa-mir-3187,7,1.372217,N
hsa-mir-3188,5,0.980155,N
hsa-mir-3189,2,0.392062,N
hsa-mir-3190,0,0,N
hsa-mir-3191,0,0,N
hsa-mir-3192,0,0,N
hsa-mir-3193,4,0.784124,N
hsa-mir-3194,2,0.392062,N
hsa-mir-3195,0,0,N
hsa-mir-3196,0,0,N
hsa-mir-3197,0,0,N
hsa-mir-3198-1,0,0,N
hsa-mir-3198-2,0,0,N
hsa-mir-3199-1,3,0.588093,N
hsa-mir-3199-2,7,1.372217,N
hsa-mir-32,207,40.578425,N
hsa-mir-3200,3,0.588093,N
hsa-mir-3201,0,0,N
hsa-mir-3202-1,1,0.196031,N
hsa-mir-3202-2,1,0.196031,N
hsa-mir-320a,3736,732.371958,Y
hsa-mir-320b-1,10,1.96031,Y
hsa-mir-320b-2,20,3.920621,Y
hsa-mir-320c-1,1,0.196031,N
hsa-mir-320c-2,1,0.196031,N
hsa-mir-320d-1,1,0.196031,N
hsa-mir-320d-2,2,0.392062,N
hsa-mir-320e,0,0,N
hsa-mir-323a,18,3.528559,N
hsa-mir-323b,35,6.861086,N
hsa-mir-324,292,57.241063,N
hsa-mir-325,0,0,N
hsa-mir-326,30,5.880931,N
hsa-mir-328,174,34.109401,N
hsa-mir-329-1,1,0.196031,N
hsa-mir-329-2,3,0.588093,N
hsa-mir-330,181,35.481618,N
hsa-mir-331,276,54.104566,N
hsa-mir-335,371,72.727515,N
hsa-mir-337,149,29.208625,N
hsa-mir-338,889,174.271593,N
hsa-mir-339,510,99.975829,N
hsa-mir-33a,120,23.523725,N
hsa-mir-33b,14,2.744435,N
hsa-mir-340,105,20.583259,N
hsa-mir-342,1585,310.709195,N
hsa-mir-345,165,32.345121,N
hsa-mir-346,1,0.196031,N
hsa-mir-34a,1589,311.493319,N
hsa-mir-34b,5,0.980155,N
hsa-mir-34c,32,6.272993,N
hsa-mir-3529,0,0,N
hsa-mir-3591,1,0.196031,N
hsa-mir-3605,3,0.588093,N
hsa-mir-3606,0,0,N
hsa-mir-3607,570,111.737692,N
hsa-mir-3609,0,0,N
hsa-mir-361,3173,622.006484,N
hsa-mir-3610,7,1.372217,N
hsa-mir-3611,0,0,N
hsa-mir-3612,0,0,N
hsa-mir-3613,77,15.09439,N
hsa-mir-3614,11,2.156341,N
hsa-mir-3615,52,10.193614,N
hsa-mir-3616,0,0,N
hsa-mir-3617,0,0,N
hsa-mir-3618,0,0,N
hsa-mir-3619,2,0.392062,N
hsa-mir-362,196,38.422083,N
hsa-mir-3620,1,0.196031,N
hsa-mir-3621,0,0,N
hsa-mir-3622a,2,0.392062,N
hsa-mir-3622b,0,0,N
hsa-mir-363,27,5.292838,N
hsa-mir-3646,0,0,N
hsa-mir-3648-1,0,0,N
hsa-mir-3648-2,0,0,N
hsa-mir-3649,0,0,N
hsa-mir-3650,0,0,N
hsa-mir-3651,8,1.568248,N
hsa-mir-3652,6,1.176186,N
hsa-mir-3653,12,2.352372,N
hsa-mir-3654,1,0.196031,N
hsa-mir-3655,0,0,N
hsa-mir-3656,0,0,N
hsa-mir-3657,0,0,N
hsa-mir-3658,0,0,N
hsa-mir-3659,0,0,N
hsa-mir-365a,1221,239.353897,Y
hsa-mir-365b,1221,239.353897,Y
hsa-mir-3660,0,0,N
hsa-mir-3661,0,0,N
hsa-mir-3662,7,1.372217,N
hsa-mir-3663,0,0,N
hsa-mir-3664,4,0.784124,N
hsa-mir-3665,0,0,N
hsa-mir-3666,0,0,N
hsa-mir-3667,2,0.392062,N
hsa-mir-3668,0,0,N
hsa-mir-367,0,0,N
hsa-mir-3670-1,0,0,N
hsa-mir-3670-2,0,0,N
hsa-mir-3670-3,0,0,N
hsa-mir-3670-4,0,0,N
hsa-mir-3671,0,0,N
hsa-mir-3672,0,0,N
hsa-mir-3674,0,0,N
hsa-mir-3675,0,0,N
hsa-mir-3677,19,3.72459,N
hsa-mir-3678,3,0.588093,N
hsa-mir-3679,0,0,N
hsa-mir-3680-1,1,0.196031,N
hsa-mir-3680-2,0,0,N
hsa-mir-3681,1,0.196031,N
hsa-mir-3682,3,0.588093,N
hsa-mir-3683,0,0,N
hsa-mir-3684,2,0.392062,N
hsa-mir-3685,0,0,N
hsa-mir-3686,0,0,N
hsa-mir-3687-1,0,0,N
hsa-mir-3687-2,0,0,N
hsa-mir-3688-1,1,0.196031,N
hsa-mir-3688-2,0,0,N
hsa-mir-3689a,0,0,N
hsa-mir-3689b,1,0.196031,N
hsa-mir-3689c,0,0,N
hsa-mir-3689d-1,0,0,N
hsa-mir-3689d-2,0,0,N
hsa-mir-3689e,0,0,N
hsa-mir-3689f,0,0,N
hsa-mir-369,54,10.585676,N
hsa-mir-3690-1,10,1.96031,N
hsa-mir-3690-2,0,0,N
hsa-mir-3691,0,0,N
hsa-mir-3692,0,0,N
hsa-mir-370,47,9.213459,N
hsa-mir-3713,0,0,N
hsa-mir-3714,0,0,N
hsa-mir-371a,0,0,N
hsa-mir-371b,0,0,N
hsa-mir-372,10,1.96031,N
hsa-mir-373,4,0.784124,N
hsa-mir-374a,2963,580.839966,N
hsa-mir-374b,357,69.983081,N
hsa-mir-374c,0,0,N
hsa-mir-375,886,173.6835,N
hsa-mir-376a-1,17,3.332528,N
hsa-mir-376a-2,5,0.980155,N
hsa-mir-376b,9,1.764279,N
hsa-mir-376c,40,7.841242,N
hsa-mir-377,31,6.076962,N
hsa-mir-378a,6790,1331.050748,N
hsa-mir-378b,0,0,N
hsa-mir-378c,68,13.330111,N
hsa-mir-378d-1,5,0.980155,N
hsa-mir-378d-2,4,0.784124,N
hsa-mir-378e,0,0,N
hsa-mir-378f,1,0.196031,N
hsa-mir-378g,1,0.196031,N
hsa-mir-378h,0,0,N
hsa-mir-378i,5,0.980155,N
hsa-mir-378j,0,0,N
hsa-mir-379,2836,555.944024,N
hsa-mir-380,4,0.784124,N
hsa-mir-381,212,41.55858,N
hsa-mir-382,125,24.50388,N
hsa-mir-383,0,0,N
hsa-mir-384,0,0,N
hsa-mir-3907,0,0,N
hsa-mir-3908,0,0,N
hsa-mir-3909,0,0,N
hsa-mir-3910-1,0,0,N
hsa-mir-3910-2,0,0,N
hsa-mir-3911,0,0,N
hsa-mir-3912,5,0.980155,N
hsa-mir-3913-1,4,0.784124,N
hsa-mir-3913-2,8,1.568248,N
hsa-mir-3914-1,0,0,N
hsa-mir-3914-2,0,0,N
hsa-mir-3915,0,0,N
hsa-mir-3916,0,0,N
hsa-mir-3917,6,1.176186,N
hsa-mir-3918,0,0,N
hsa-mir-3919,0,0,N
hsa-mir-3920,0,0,N
hsa-mir-3921,0,0,N
hsa-mir-3922,2,0.392062,N
hsa-mir-3923,0,0,N
hsa-mir-3924,0,0,N
hsa-mir-3925,0,0,N
hsa-mir-3926-1,2,0.392062,N
hsa-mir-3926-2,2,0.392062,N
hsa-mir-3927,0,0,N
hsa-mir-3928,9,1.764279,N
hsa-mir-3929,0,0,N
hsa-mir-3934,4,0.784124,N
hsa-mir-3935,0,0,N
hsa-mir-3936,0,0,N
hsa-mir-3937,0,0,N
hsa-mir-3938,0,0,N
hsa-mir-3939,1,0.196031,N
hsa-mir-3940,3,0.588093,N
hsa-mir-3941,3,0.588093,N
hsa-mir-3942,2,0.392062,N
hsa-mir-3943,0,0,N
hsa-mir-3944,6,1.176186,N
hsa-mir-3945,1,0.196031,N
hsa-mir-3960,0,0,N
hsa-mir-3972,0,0,N
hsa-mir-3973,0,0,N
hsa-mir-3974,0,0,N
hsa-mir-3975,0,0,N
hsa-mir-3976,0,0,N
hsa-mir-3977,0,0,N
hsa-mir-3978,0,0,N
hsa-mir-409,161,31.560997,N
hsa-mir-410,153,29.992749,N
hsa-mir-411,36,7.057117,N
hsa-mir-412,73,14.310266,N
hsa-mir-421,53,10.389645,N
hsa-mir-422a,0,0,N
hsa-mir-423,792,155.256582,N
hsa-mir-424,776,152.120085,N
hsa-mir-425,1338,262.289529,N
hsa-mir-4251,0,0,N
hsa-mir-4252,0,0,N
hsa-mir-4253,0,0,N
hsa-mir-4254,0,0,N
hsa-mir-4255,0,0,N
hsa-mir-4256,0,0,N
hsa-mir-4257,0,0,N
hsa-mir-4258,0,0,N
hsa-mir-4259,0,0,N
hsa-mir-4260,0,0,N
hsa-mir-4261,0,0,N
hsa-mir-4262,0,0,N
hsa-mir-4263,0,0,N
hsa-mir-4264,0,0,N
hsa-mir-4265,0,0,N
hsa-mir-4266,0,0,N
hsa-mir-4267,0,0,N
hsa-mir-4268,0,0,N
hsa-mir-4269,0,0,N
hsa-mir-4270,0,0,N
hsa-mir-4271,0,0,N
hsa-mir-4272,0,0,N
hsa-mir-4273,0,0,N
hsa-mir-4274,0,0,N
hsa-mir-4275,0,0,N
hsa-mir-4276,0,0,N
hsa-mir-4277,0,0,N
hsa-mir-4278,0,0,N
hsa-mir-4279,0,0,N
hsa-mir-4280,0,0,N
hsa-mir-4281,0,0,N
hsa-mir-4282,0,0,N
hsa-mir-4283-1,0,0,N
hsa-mir-4283-2,0,0,N
hsa-mir-4284,1,0.196031,N
hsa-mir-4285,0,0,N
hsa-mir-4286,1,0.196031,N
hsa-mir-4287,0,0,N
hsa-mir-4288,0,0,N
hsa-mir-4289,0,0,N
hsa-mir-429,18,3.528559,N
hsa-mir-4290,0,0,N
hsa-mir-4291,0,0,N
hsa-mir-4292,0,0,N
hsa-mir-4293,0,0,N
hsa-mir-4294,0,0,N
hsa-mir-4295,0,0,N
hsa-mir-4296,0,0,N
hsa-mir-4297,0,0,N
hsa-mir-4298,0,0,N
hsa-mir-4299,0,0,N
hsa-mir-4300,0,0,N
hsa-mir-4301,0,0,N
hsa-mir-4302,0,0,N
hsa-mir-4303,0,0,N
hsa-mir-4304,0,0,N
hsa-mir-4305,0,0,N
hsa-mir-4306,0,0,N
hsa-mir-4307,0,0,N
hsa-mir-4308,0,0,N
hsa-mir-4309,0,0,N
hsa-mir-431,75,14.702328,N
hsa-mir-4310,0,0,N
hsa-mir-4311,0,0,N
hsa-mir-4312,0,0,N
hsa-mir-4313,0,0,N
hsa-mir-4314,0,0,N
hsa-mir-4315-1,0,0,N
hsa-mir-4315-2,0,0,N
hsa-mir-4316,0,0,N
hsa-mir-4317,0,0,N
hsa-mir-4318,0,0,N
hsa-mir-4319,0,0,N
hsa-mir-432,49,9.605521,N
hsa-mir-4320,0,0,N
hsa-mir-4321,0,0,N
hsa-mir-4322,0,0,N
hsa-mir-4323,0,0,N
hsa-mir-4324,0,0,N
hsa-mir-4325,0,0,N
hsa-mir-4326,14,2.744435,N
hsa-mir-4327,0,0,N
hsa-mir-4328,0,0,N
hsa-mir-4329,0,0,N
hsa-mir-433,13,2.548403,N
hsa-mir-4330,0,0,N
hsa-mir-4417,0,0,N
hsa-mir-4418,0,0,N
hsa-mir-4419a,0,0,N
hsa-mir-4419b,0,0,N
hsa-mir-4420,0,0,N
hsa-mir-4421,2,0.392062,N
hsa-mir-4422,0,0,N
hsa-mir-4423,0,0,N
hsa-mir-4424,0,0,N
hsa-mir-4425,0,0,N
hsa-mir-4426,0,0,N
hsa-mir-4427,0,0,N
hsa-mir-4428,0,0,N
hsa-mir-4429,0,0,N
hsa-mir-4430,0,0,N
hsa-mir-4431,0,0,N
hsa-mir-4432,0,0,N
hsa-mir-4433a,0,0,N
hsa-mir-4433b,1,0.196031,N
hsa-mir-4434,1,0.196031,N
hsa-mir-4435-1,0,0,N
hsa-mir-4435-2,0,0,N
hsa-mir-4436a,0,0,N
hsa-mir-4436b-1,0,0,N
hsa-mir-4436b-2,0,0,N
hsa-mir-4437,0,0,N
hsa-mir-4438,0,0,N
hsa-mir-4439,0,0,N
hsa-mir-4440,0,0,N
hsa-mir-4441,0,0,N
hsa-mir-4442,1,0.196031,N
hsa-mir-4443,0,0,N
hsa-mir-4444-1,3,0.588093,N
hsa-mir-4444-2,3,0.588093,N
hsa-mir-4445,0,0,N
hsa-mir-4446,0,0,N
hsa-mir-4447,0,0,N
hsa-mir-4448,0,0,N
hsa-mir-4449,4,0.784124,N
hsa-mir-4450,0,0,N
hsa-mir-4451,0,0,N
hsa-mir-4452,0,0,N
hsa-mir-4453,3,0.588093,N
hsa-mir-4454,3,0.588093,N
hsa-mir-4455,0,0,N
hsa-mir-4456,0,0,N
hsa-mir-4457,0,0,N
hsa-mir-4458,0,0,N
hsa-mir-4459,0,0,N
hsa-mir-4460,0,0,N
hsa-mir-4461,4,0.784124,N
hsa-mir-4462,0,0,N
hsa-mir-4463,0,0,N
hsa-mir-4464,0,0,N
hsa-mir-4465,0,0,N
hsa-mir-4466,0,0,N
hsa-mir-4467,0,0,N
hsa-mir-4468,0,0,N
hsa-mir-4469,1,0.196031,N
hsa-mir-4470,1,0.196031,N
hsa-mir-4471,0,0,N
hsa-mir-4472-1,0,0,N
hsa-mir-4472-2,0,0,N
hsa-mir-4473,0,0,N
hsa-mir-4474,0,0,N
hsa-mir-4475,0,0,N
hsa-mir-4476,0,0,N
hsa-mir-4477a,0,0,N
hsa-mir-4477b,0,0,N
hsa-mir-4478,1,0.196031,N
hsa-mir-4479,1,0.196031,N
hsa-mir-448,1,0.196031,N
hsa-mir-4480,0,0,N
hsa-mir-4481,0,0,N
hsa-mir-4482,0,0,N
hsa-mir-4483,0,0,N
hsa-mir-4484,1,0.196031,N
hsa-mir-4485,0,0,N
hsa-mir-4486,0,0,N
hsa-mir-4487,0,0,N
hsa-mir-4488,0,0,N
hsa-mir-4489,2,0.392062,N
hsa-mir-4490,0,0,N
hsa-mir-4491,4,0.784124,N
hsa-mir-4492,1,0.196031,N
hsa-mir-4493,0,0,N
hsa-mir-4494,0,0,N
hsa-mir-4495,0,0,N
hsa-mir-4496,0,0,N
hsa-mir-4497,0,0,N
hsa-mir-4498,0,0,N
hsa-mir-4499,0,0,N
hsa-mir-449a,0,0,N
hsa-mir-449b,0,0,N
hsa-mir-449c,0,0,N
hsa-mir-4500,0,0,N
hsa-mir-4501,0,0,N
hsa-mir-4502,0,0,N
hsa-mir-4503,0,0,N
hsa-mir-4504,0,0,N
hsa-mir-4505,2,0.392062,N
hsa-mir-4506,0,0,N
hsa-mir-4507,0,0,N
hsa-mir-4508,0,0,N
hsa-mir-4509-1,0,0,N
hsa-mir-4509-2,0,0,N
hsa-mir-4509-3,0,0,N
hsa-mir-450a-1,55,10.781707,N
hsa-mir-450a-2,40,7.841242,N
hsa-mir-450b,53,10.389645,N
hsa-mir-4510,0,0,N
hsa-mir-4511,1,0.196031,N
hsa-mir-4512,0,0,N
hsa-mir-4513,0,0,N
hsa-mir-4514,0,0,N
hsa-mir-4515,1,0.196031,N
hsa-mir-4516,0,0,N
hsa-mir-4517,1,0.196031,N
hsa-mir-4518,0,0,N
hsa-mir-4519,0,0,N
hsa-mir-451a,362,70.963236,N
hsa-mir-451b,0,0,N
hsa-mir-452,1087,213.085738,N
hsa-mir-4520-1,0,0,N
hsa-mir-4520-2,0,0,N
hsa-mir-4521,0,0,N
hsa-mir-4522,0,0,N
hsa-mir-4523,2,0.392062,N
hsa-mir-4524a,4,0.784124,N
hsa-mir-4524b,0,0,N
hsa-mir-4525,1,0.196031,N
hsa-mir-4526,0,0,N
hsa-mir-4527,0,0,N
hsa-mir-4528,0,0,N
hsa-mir-4529,0,0,N
hsa-mir-4530,0,0,N
hsa-mir-4531,0,0,N
hsa-mir-4532,0,0,N
hsa-mir-4533,5,0.980155,N
hsa-mir-4534,0,0,N
hsa-mir-4535,0,0,N
hsa-mir-4536-1,0,0,N
hsa-mir-4536-2,0,0,N
hsa-mir-4537,0,0,N
hsa-mir-4538,0,0,N
hsa-mir-4539,0,0,N
hsa-mir-454,36,7.057117,N
hsa-mir-4540,0,0,N
hsa-mir-455,2924,573.194755,N
hsa-mir-4632,2,0.392062,N
hsa-mir-4633,0,0,N
hsa-mir-4634,0,0,N
hsa-mir-4635,0,0,N
hsa-mir-4636,3,0.588093,N
hsa-mir-4637,0,0,N
hsa-mir-4638,1,0.196031,N
hsa-mir-4639,0,0,N
hsa-mir-4640,0,0,N
hsa-mir-4641,0,0,N
hsa-mir-4642,0,0,N
hsa-mir-4643,0,0,N
hsa-mir-4644,0,0,N
hsa-mir-4645,2,0.392062,N
hsa-mir-4646,0,0,N
hsa-mir-4647,0,0,N
hsa-mir-4648,0,0,N
hsa-mir-4649,0,0,N
hsa-mir-4650-1,0,0,N
hsa-mir-4650-2,0,0,N
hsa-mir-4651,0,0,N
hsa-mir-4652,7,1.372217,N
hsa-mir-4653,0,0,N
hsa-mir-4654,0,0,N
hsa-mir-4655,0,0,N
hsa-mir-4656,0,0,N
hsa-mir-4657,1,0.196031,N
hsa-mir-4658,1,0.196031,N
hsa-mir-4659a,0,0,N
hsa-mir-4659b,0,0,N
hsa-mir-466,1,0.196031,N
hsa-mir-4660,1,0.196031,N
hsa-mir-4661,32,6.272993,N
hsa-mir-4662a,214,41.950642,N
hsa-mir-4662b,0,0,N
hsa-mir-4663,0,0,N
hsa-mir-4664,7,1.372217,N
hsa-mir-4665,0,0,N
hsa-mir-4666a,0,0,N
hsa-mir-4666b,0,0,N
hsa-mir-4667,1,0.196031,N
hsa-mir-4668,9,1.764279,N
hsa-mir-4669,0,0,N
hsa-mir-4670,3,0.588093,N
hsa-mir-4671,0,0,N
hsa-mir-4672,0,0,N
hsa-mir-4673,0,0,N
hsa-mir-4674,0,0,N
hsa-mir-4675,0,0,N
hsa-mir-4676,3,0.588093,N
hsa-mir-4677,35,6.861086,N
hsa-mir-4678,0,0,N
hsa-mir-4679-1,1,0.196031,N
hsa-mir-4679-2,1,0.196031,N
hsa-mir-4680,0,0,N
hsa-mir-4681,0,0,N
hsa-mir-4682,0,0,N
hsa-mir-4683,3,0.588093,N
hsa-mir-4684,0,0,N
hsa-mir-4685,1,0.196031,N
hsa-mir-4686,0,0,N
hsa-mir-4687,3,0.588093,N
hsa-mir-4688,0,0,N
hsa-mir-4689,0,0,N
hsa-mir-4690,0,0,N
hsa-mir-4691,0,0,N
hsa-mir-4692,0,0,N
hsa-mir-4693,0,0,N
hsa-mir-4694,0,0,N
hsa-mir-4695,0,0,N
hsa-mir-4696,0,0,N
hsa-mir-4697,0,0,N
hsa-mir-4698,0,0,N
hsa-mir-4699,1,0.196031,N
hsa-mir-4700,0,0,N
hsa-mir-4701,0,0,N
hsa-mir-4703,0,0,N
hsa-mir-4704,0,0,N
hsa-mir-4705,2,0.392062,N
hsa-mir-4706,0,0,N
hsa-mir-4707,3,0.588093,N
hsa-mir-4708,0,0,N
hsa-mir-4709,1,0.196031,N
hsa-mir-4710,0,0,N
hsa-mir-4711,0,0,N
hsa-mir-4712,0,0,N
hsa-mir-4713,0,0,N
hsa-mir-4714,0,0,N
hsa-mir-4715,0,0,N
hsa-mir-4716,0,0,N
hsa-mir-4717,0,0,N
hsa-mir-4718,0,0,N
hsa-mir-4719,0,0,N
hsa-mir-4720,0,0,N
hsa-mir-4721,0,0,N
hsa-mir-4722,0,0,N
hsa-mir-4723,0,0,N
hsa-mir-4724,7,1.372217,N
hsa-mir-4725,1,0.196031,N
hsa-mir-4726,0,0,N
hsa-mir-4727,2,0.392062,N
hsa-mir-4728,6,1.176186,N
hsa-mir-4729,0,0,N
hsa-mir-4730,0,0,N
hsa-mir-4731,0,0,N
hsa-mir-4732,0,0,N
hsa-mir-4733,0,0,N
hsa-mir-4734,0,0,N
hsa-mir-4735,0,0,N
hsa-mir-4736,1,0.196031,N
hsa-mir-4737,0,0,N
hsa-mir-4738,0,0,N
hsa-mir-4739,0,0,N
hsa-mir-4740,2,0.392062,N
hsa-mir-4741,1,0.196031,N
hsa-mir-4742,4,0.784124,N
hsa-mir-4743,0,0,N
hsa-mir-4744,0,0,N
hsa-mir-4745,0,0,N
hsa-mir-4746,9,1.764279,N
hsa-mir-4747,0,0,N
hsa-mir-4748,0,0,N
hsa-mir-4749,0,0,N
hsa-mir-4750,0,0,N
hsa-mir-4751,2,0.392062,N
hsa-mir-4752,0,0,N
hsa-mir-4753,0,0,N
hsa-mir-4754,2,0.392062,N
hsa-mir-4755,0,0,N
hsa-mir-4756,0,0,N
hsa-mir-4757,0,0,N
hsa-mir-4758,0,0,N
hsa-mir-4759,0,0,N
hsa-mir-4760,0,0,N
hsa-mir-4761,0,0,N
hsa-mir-4762,1,0.196031,N
hsa-mir-4763,0,0,N
hsa-mir-4764,0,0,N
hsa-mir-4765,0,0,N
hsa-mir-4766,2,0.392062,N
hsa-mir-4767,0,0,N
hsa-mir-4768,1,0.196031,N
hsa-mir-4769,0,0,N
hsa-mir-4770,4,0.784124,N
hsa-mir-4771-1,0,0,N
hsa-mir-4771-2,0,0,N
hsa-mir-4772,71,13.918204,N
hsa-mir-4773-1,0,0,N
hsa-mir-4773-2,1,0.196031,N
hsa-mir-4774,0,0,N
hsa-mir-4775,1,0.196031,N
hsa-mir-4776-1,0,0,N
hsa-mir-4776-2,0,0,N
hsa-mir-4777,0,0,N
hsa-mir-4778,0,0,N
hsa-mir-4779,0,0,N
hsa-mir-4780,0,0,N
hsa-mir-4781,1,0.196031,N
hsa-mir-4782,0,0,N
hsa-mir-4783,1,0.196031,N
hsa-mir-4784,2,0.392062,N
hsa-mir-4785,0,0,N
hsa-mir-4786,6,1.176186,N
hsa-mir-4787,3,0.588093,N
hsa-mir-4788,0,0,N
hsa-mir-4789,0,0,N
hsa-mir-4790,2,0.392062,N
hsa-mir-4791,0,0,N
hsa-mir-4792,0,0,N
hsa-mir-4793,0,0,N
hsa-mir-4794,0,0,N
hsa-mir-4795,2,0.392062,N
hsa-mir-4796,0,0,N
hsa-mir-4797,1,0.196031,N
hsa-mir-4798,0,0,N
hsa-mir-4799,0,0,N
hsa-mir-4800,0,0,N
hsa-mir-4801,0,0,N
hsa-mir-4802,1,0.196031,N
hsa-mir-4803,0,0,N
hsa-mir-4804,0,0,N
hsa-mir-483,7,1.372217,N
hsa-mir-484,471,92.330619,N
hsa-mir-485,46,9.017428,N
hsa-mir-486-1,77,15.09439,N
hsa-mir-486-2,77,15.09439,N
hsa-mir-487a,7,1.372217,N
hsa-mir-487b,44,8.625366,N
hsa-mir-488,0,0,N
hsa-mir-489,1,0.196031,N
hsa-mir-490,0,0,N
hsa-mir-491,23,4.508714,N
hsa-mir-492,0,0,N
hsa-mir-493,75,14.702328,N
hsa-mir-494,4,0.784124,N
hsa-mir-495,45,8.821397,N
hsa-mir-496,20,3.920621,N
hsa-mir-497,191,37.441928,N
hsa-mir-498,17,3.332528,N
hsa-mir-4999,15,2.940466,N
hsa-mir-499a,0,0,N
hsa-mir-499b,0,0,N
hsa-mir-5000,5,0.980155,N
hsa-mir-5001,4,0.784124,N
hsa-mir-5002,0,0,N
hsa-mir-5003,0,0,N
hsa-mir-5004,0,0,N
hsa-mir-5006,0,0,N
hsa-mir-5007,0,0,N
hsa-mir-5008,0,0,N
hsa-mir-5009,0,0,N
hsa-mir-500a,4324,847.638208,Y
hsa-mir-500b,64,12.545986,Y
hsa-mir-501,132,25.876097,N
hsa-mir-5010,6,1.176186,N
hsa-mir-5011,0,0,N
hsa-mir-502,133,26.072128,Y
hsa-mir-503,58,11.3698,N
hsa-mir-504,19,3.72459,N
hsa-mir-5047,0,0,N
hsa-mir-505,432,84.685408,N
hsa-mir-506,3,0.588093,N
hsa-mir-507,0,0,N
hsa-mir-508,46,9.017428,N
hsa-mir-5087,1,0.196031,N
hsa-mir-5088,1,0.196031,N
hsa-mir-5089,0,0,N
hsa-mir-5090,1,0.196031,N
hsa-mir-5091,0,0,N
hsa-mir-509-1,6,1.176186,N
hsa-mir-5092,0,0,N
hsa-mir-509-2,5,0.980155,N
hsa-mir-5093,0,0,N
hsa-mir-509-3,3,0.588093,N
hsa-mir-5094,0,0,N
hsa-mir-5095,0,0,N
hsa-mir-5096,0,0,N
hsa-mir-510,0,0,N
hsa-mir-5100,0,0,N
hsa-mir-511,130,25.484035,N
hsa-mir-512-1,131,25.680066,N
hsa-mir-512-2,125,24.50388,N
hsa-mir-513a-1,0,0,N
hsa-mir-513a-2,0,0,N
hsa-mir-513b,2,0.392062,N
hsa-mir-513c,2,0.392062,N
hsa-mir-514a-1,9,1.764279,N
hsa-mir-514a-2,12,2.352372,N
hsa-mir-514a-3,16,3.136497,N
hsa-mir-514b,0,0,N
hsa-mir-515-1,20,3.920621,N
hsa-mir-515-2,31,6.076962,N
hsa-mir-516a-1,232,45.479201,Y
hsa-mir-516a-2,200,39.206208,N
hsa-mir-516b-1,58,11.3698,N
hsa-mir-516b-2,35,6.861086,N
hsa-mir-517a,255,49.987915,Y
hsa-mir-517b,254,49.791884,Y
hsa-mir-517c,57,11.173769,Y
hsa-mir-5186,0,0,N
hsa-mir-5187,5,0.980155,N
hsa-mir-5188,0,0,N
hsa-mir-5189,0,0,N
hsa-mir-518a-1,49,9.605521,Y
hsa-mir-518a-2,81,15.878514,Y
hsa-mir-518b,117,22.935631,N
hsa-mir-518c,127,24.895942,N
hsa-mir-518d,1,0.196031,N
hsa-mir-518e,99,19.407073,Y
hsa-mir-518f,78,15.290421,N
hsa-mir-5190,0,0,N
hsa-mir-5191,0,0,N
hsa-mir-5192,0,0,N
hsa-mir-5193,2,0.392062,N
hsa-mir-5194,0,0,N
hsa-mir-5195,0,0,N
hsa-mir-5196,0,0,N
hsa-mir-5197,0,0,N
hsa-mir-519a-1,147,28.816563,N
hsa-mir-519a-2,305,59.789467,Y
hsa-mir-519b,12,2.352372,N
hsa-mir-519c,20,3.920621,N
hsa-mir-519d,65,12.742017,N
hsa-mir-519e,2,0.392062,N
hsa-mir-520a,214,41.950642,N
hsa-mir-520b,304,59.593436,Y
hsa-mir-520c,89,17.446762,Y
hsa-mir-520d,60,11.761862,Y
hsa-mir-520e,15,2.940466,N
hsa-mir-520f,105,20.583259,N
hsa-mir-520g,132,25.876097,Y
hsa-mir-520h,96,18.81898,Y
hsa-mir-521-1,18,3.528559,N
hsa-mir-521-2,2,0.392062,N
hsa-mir-522,95,18.622949,Y
hsa-mir-523,19,3.72459,N
hsa-mir-524,17,3.332528,N
hsa-mir-525,102,19.995166,Y
hsa-mir-526a-1,1,0.196031,N
hsa-mir-526a-2,0,0,N
hsa-mir-526b,299,58.61328,Y
hsa-mir-527,53,10.389645,Y
hsa-mir-532,8791,1723.308855,N
hsa-mir-539,25,4.900776,N
hsa-mir-541,5,0.980155,N
hsa-mir-542,1363,267.190305,N
hsa-mir-543,6,1.176186,N
hsa-mir-544a,0,0,N
hsa-mir-544b,0,0,N
hsa-mir-545,2,0.392062,N
hsa-mir-548a-1,0,0,N
hsa-mir-548a-2,0,0,N
hsa-mir-548a-3,0,0,N
hsa-mir-548aa-1,0,0,N
hsa-mir-548aa-2,0,0,N
hsa-mir-548ab,0,0,N
hsa-mir-548ac,0,0,N
hsa-mir-548ad,0,0,N
hsa-mir-548ae-1,0,0,N
hsa-mir-548ae-2,0,0,N
hsa-mir-548ag-1,0,0,N
hsa-mir-548ag-2,5,0.980155,N
hsa-mir-548ah,0,0,N
hsa-mir-548ai,0,0,N
hsa-mir-548aj-1,0,0,N
hsa-mir-548aj-2,0,0,N
hsa-mir-548ak,0,0,N
hsa-mir-548al,0,0,N
hsa-mir-548am,0,0,N
hsa-mir-548an,0,0,N
hsa-mir-548ao,0,0,N
hsa-mir-548ap,0,0,N
hsa-mir-548aq,0,0,N
hsa-mir-548ar,0,0,N
hsa-mir-548as,0,0,N
hsa-mir-548at,0,0,N
hsa-mir-548au,1,0.196031,N
hsa-mir-548av,0,0,N
hsa-mir-548aw,1,0.196031,N
hsa-mir-548ax,0,0,N
hsa-mir-548ay,2,0.392062,N
hsa-mir-548az,1,0.196031,N
hsa-mir-548b,77,15.09439,N
hsa-mir-548ba,0,0,N
hsa-mir-548bb,0,0,N
hsa-mir-548c,0,0,N
hsa-mir-548d-1,0,0,N
hsa-mir-548d-2,0,0,N
hsa-mir-548e,1,0.196031,N
hsa-mir-548f-1,0,0,N
hsa-mir-548f-2,0,0,N
hsa-mir-548f-3,0,0,N
hsa-mir-548f-4,0,0,N
hsa-mir-548f-5,0,0,N
hsa-mir-548g,0,0,N
hsa-mir-548h-1,0,0,N
hsa-mir-548h-2,0,0,N
hsa-mir-548h-3,0,0,N
hsa-mir-548h-4,0,0,N
hsa-mir-548h-5,0,0,N
hsa-mir-548i-1,0,0,N
hsa-mir-548i-2,0,0,N
hsa-mir-548i-3,0,0,N
hsa-mir-548i-4,0,0,N
hsa-mir-548j,2,0.392062,N
hsa-mir-548k,0,0,N
hsa-mir-548l,2,0.392062,N
hsa-mir-548m,0,0,N
hsa-mir-548n,0,0,N
hsa-mir-548o,5,0.980155,N
hsa-mir-548o-2,1,0.196031,N
hsa-mir-548p,0,0,N
hsa-mir-548q,3,0.588093,N
hsa-mir-548s,2,0.392062,N
hsa-mir-548t,0,0,N
hsa-mir-548u,0,0,N
hsa-mir-548v,6,1.176186,N
hsa-mir-548w,0,0,N
hsa-mir-548x,0,0,N
hsa-mir-548x-2,0,0,N
hsa-mir-548y,5,0.980155,N
hsa-mir-548z,0,0,N
hsa-mir-549a,3,0.588093,N
hsa-mir-550a-1,12,2.352372,N
hsa-mir-550a-2,8,1.568248,N
hsa-mir-550a-3,9,1.764279,N
hsa-mir-550b-1,0,0,N
hsa-mir-550b-2,0,0,N
hsa-mir-551a,2,0.392062,N
hsa-mir-551b,102,19.995166,N
hsa-mir-552,361,70.767205,N
hsa-mir-553,0,0,N
hsa-mir-554,0,0,N
hsa-mir-555,0,0,N
hsa-mir-556,2,0.392062,N
hsa-mir-557,0,0,N
hsa-mir-5571,5,0.980155,N
hsa-mir-5572,0,0,N
hsa-mir-5579,0,0,N
hsa-mir-558,0,0,N
hsa-mir-5580,0,0,N
hsa-mir-5581,3,0.588093,N
hsa-mir-5582,0,0,N
hsa-mir-5583-1,0,0,N
hsa-mir-5583-2,0,0,N
hsa-mir-5584,0,0,N
hsa-mir-5585,1,0.196031,N
hsa-mir-5586,19,3.72459,N
hsa-mir-5587,0,0,N
hsa-mir-5588,1,0.196031,N
hsa-mir-5589,19,3.72459,N
hsa-mir-559,0,0,N
hsa-mir-5590,0,0,N
hsa-mir-5591,0,0,N
hsa-mir-561,3,0.588093,N
hsa-mir-562,0,0,N
hsa-mir-563,0,0,N
hsa-mir-564,1,0.196031,N
hsa-mir-566,0,0,N
hsa-mir-567,0,0,N
hsa-mir-568,0,0,N
hsa-mir-5680,1,0.196031,N
hsa-mir-5681a,0,0,N
hsa-mir-5681b,0,0,N
hsa-mir-5682,0,0,N
hsa-mir-5683,9,1.764279,N
hsa-mir-5684,1,0.196031,N
hsa-mir-5685,0,0,N
hsa-mir-5687,2,0.392062,N
hsa-mir-5688,0,0,N
hsa-mir-5689,0,0,N
hsa-mir-569,0,0,N
hsa-mir-5690,1,0.196031,N
hsa-mir-5691,0,0,N
hsa-mir-5692a-1,0,0,N
hsa-mir-5692a-2,0,0,N
hsa-mir-5692b,0,0,N
hsa-mir-5692c-1,0,0,N
hsa-mir-5692c-2,0,0,N
hsa-mir-5693,1,0.196031,N
hsa-mir-5694,0,0,N
hsa-mir-5695,0,0,N
hsa-mir-5696,1,0.196031,N
hsa-mir-5697,0,0,N
hsa-mir-5698,0,0,N
hsa-mir-5699,0,0,N
hsa-mir-570,1,0.196031,N
hsa-mir-5700,0,0,N
hsa-mir-5701-1,0,0,N
hsa-mir-5701-2,0,0,N
hsa-mir-5701-3,0,0,N
hsa-mir-5702,0,0,N
hsa-mir-5703,2,0.392062,N
hsa-mir-5704,0,0,N
hsa-mir-5705,0,0,N
hsa-mir-5706,0,0,N
hsa-mir-5707,0,0,N
hsa-mir-5708,0,0,N
hsa-mir-571,0,0,N
hsa-mir-572,0,0,N
hsa-mir-573,0,0,N
hsa-mir-5739,0,0,N
hsa-mir-574,1304,255.624474,N
hsa-mir-575,0,0,N
hsa-mir-576,68,13.330111,N
hsa-mir-577,8,1.568248,N
hsa-mir-578,0,0,N
hsa-mir-5787,0,0,N
hsa-mir-579,8,1.568248,N
hsa-mir-580,2,0.392062,N
hsa-mir-581,4,0.784124,N
hsa-mir-582,626,122.71543,N
hsa-mir-583,0,0,N
hsa-mir-584,325,63.710087,N
hsa-mir-585,10,1.96031,N
hsa-mir-586,0,0,N
hsa-mir-587,0,0,N
hsa-mir-588,1,0.196031,N
hsa-mir-589,289,56.65297,N
hsa-mir-590,91,17.838824,N
hsa-mir-591,0,0,N
hsa-mir-592,2,0.392062,N
hsa-mir-593,0,0,N
hsa-mir-595,0,0,N
hsa-mir-596,0,0,N
hsa-mir-597,1,0.196031,N
hsa-mir-598,81,15.878514,N
hsa-mir-599,1,0.196031,N
hsa-mir-600,0,0,N
hsa-mir-601,0,0,N
hsa-mir-602,0,0,N
hsa-mir-603,0,0,N
hsa-mir-604,0,0,N
hsa-mir-605,6,1.176186,N
hsa-mir-606,0,0,N
hsa-mir-6068,0,0,N
hsa-mir-6069,0,0,N
hsa-mir-607,0,0,N
hsa-mir-6070,0,0,N
hsa-mir-6071,0,0,N
hsa-mir-6072,0,0,N
hsa-mir-6073,0,0,N
hsa-mir-6074,0,0,N
hsa-mir-6075,0,0,N
hsa-mir-6076,0,0,N
hsa-mir-6077,0,0,N
hsa-mir-6078,0,0,N
hsa-mir-6079,0,0,N
hsa-mir-608,0,0,N
hsa-mir-6080,0,0,N
hsa-mir-6081,0,0,N
hsa-mir-6082,0,0,N
hsa-mir-6083,0,0,N
hsa-mir-6084,1,0.196031,N
hsa-mir-6085,0,0,N
hsa-mir-6086,0,0,N
hsa-mir-6087,0,0,N
hsa-mir-6088,0,0,N
hsa-mir-6089-1,0,0,N
hsa-mir-6089-2,0,0,N
hsa-mir-609,0,0,N
hsa-mir-6090,0,0,N
hsa-mir-610,0,0,N
hsa-mir-611,0,0,N
hsa-mir-612,0,0,N
hsa-mir-6124,0,0,N
hsa-mir-6125,0,0,N
hsa-mir-6126,0,0,N
hsa-mir-6127,0,0,N
hsa-mir-6128,0,0,N
hsa-mir-6129,0,0,N
hsa-mir-613,0,0,N
hsa-mir-6130,0,0,N
hsa-mir-6131,0,0,N
hsa-mir-6132,0,0,N
hsa-mir-6133,0,0,N
hsa-mir-6134,0,0,N
hsa-mir-614,0,0,N
hsa-mir-615,1,0.196031,N
hsa-mir-616,31,6.076962,N
hsa-mir-6165,0,0,N
hsa-mir-617,0,0,N
hsa-mir-618,11,2.156341,N
hsa-mir-619,0,0,N
hsa-mir-620,0,0,N
hsa-mir-621,2,0.392062,N
hsa-mir-622,0,0,N
hsa-mir-623,0,0,N
hsa-mir-624,24,4.704745,N
hsa-mir-625,788,154.472458,N
hsa-mir-626,0,0,N
hsa-mir-627,4,0.784124,N
hsa-mir-628,72,14.114235,N
hsa-mir-629,446,87.429843,N
hsa-mir-630,0,0,N
hsa-mir-631,0,0,N
hsa-mir-632,2,0.392062,N
hsa-mir-633,0,0,N
hsa-mir-634,0,0,N
hsa-mir-635,0,0,N
hsa-mir-636,0,0,N
hsa-mir-637,0,0,N
hsa-mir-638,0,0,N
hsa-mir-639,1,0.196031,N
hsa-mir-640,0,0,N
hsa-mir-641,2,0.392062,N
hsa-mir-642a,11,2.156341,N
hsa-mir-642b,0,0,N
hsa-mir-643,7,1.372217,N
hsa-mir-644a,0,0,N
hsa-mir-645,0,0,N
hsa-mir-646,0,0,N
hsa-mir-647,1,0.196031,N
hsa-mir-648,0,0,N
hsa-mir-649,0,0,N
hsa-mir-6499,0,0,N
hsa-mir-650,0,0,N
hsa-mir-6500,0,0,N
hsa-mir-6501,0,0,N
hsa-mir-6502,1,0.196031,N
hsa-mir-6503,4,0.784124,N
hsa-mir-6504,0,0,N
hsa-mir-6505,0,0,N
hsa-mir-6506,1,0.196031,N
hsa-mir-6507,0,0,N
hsa-mir-6508,0,0,N
hsa-mir-6509,4,0.784124,N
hsa-mir-651,30,5.880931,N
hsa-mir-6510,0,0,N
hsa-mir-6511a-1,0,0,N
hsa-mir-6511a-2,0,0,N
hsa-mir-6511a-3,0,0,N
hsa-mir-6511a-4,0,0,N
hsa-mir-6511b-1,3,0.588093,N
hsa-mir-6511b-2,4,0.784124,N
hsa-mir-6512,1,0.196031,N
hsa-mir-6513,0,0,N
hsa-mir-6514,5,0.980155,N
hsa-mir-6515,2,0.392062,N
hsa-mir-6516,8,1.568248,N
hsa-mir-652,206,40.382394,N
hsa-mir-653,43,8.429335,N
hsa-mir-654,180,35.285587,N
hsa-mir-655,9,1.764279,N
hsa-mir-656,4,0.784124,N
hsa-mir-657,0,0,N
hsa-mir-658,1,0.196031,N
hsa-mir-659,3,0.588093,N
hsa-mir-660,532,104.288512,N
hsa-mir-661,0,0,N
hsa-mir-662,0,0,N
hsa-mir-663a,0,0,N
hsa-mir-663b,0,0,N
hsa-mir-664a,496,97.231395,N
hsa-mir-664b,82,16.074545,N
hsa-mir-665,2,0.392062,N
hsa-mir-668,0,0,N
hsa-mir-670,0,0,N
hsa-mir-671,51,9.997583,N
hsa-mir-6715a,67,13.13408,N
hsa-mir-6715b,1,0.196031,N
hsa-mir-6716,5,0.980155,N
hsa-mir-6717,1,0.196031,N
hsa-mir-6718,1,0.196031,N
hsa-mir-6719,0,0,N
hsa-mir-6720,1,0.196031,N
hsa-mir-6721,0,0,N
hsa-mir-6722,0,0,N
hsa-mir-6723,0,0,N
hsa-mir-6724-1,0,0,N
hsa-mir-6724-2,0,0,N
hsa-mir-6724-3,0,0,N
hsa-mir-6724-4,0,0,N
hsa-mir-6726,1,0.196031,N
hsa-mir-6727,0,0,N
hsa-mir-6728,0,0,N
hsa-mir-6729,0,0,N
hsa-mir-6730,0,0,N
hsa-mir-6731,0,0,N
hsa-mir-6732,0,0,N
hsa-mir-6733,4,0.784124,N
hsa-mir-6734,1,0.196031,N
hsa-mir-6735,0,0,N
hsa-mir-6736,0,0,N
hsa-mir-6737,0,0,N
hsa-mir-6738,0,0,N
hsa-mir-6739,0,0,N
hsa-mir-6740,1,0.196031,N
hsa-mir-6741,1,0.196031,N
hsa-mir-6742,0,0,N
hsa-mir-6743,0,0,N
hsa-mir-6744,0,0,N
hsa-mir-6745,0,0,N
hsa-mir-6746,1,0.196031,N
hsa-mir-6747,5,0.980155,N
hsa-mir-6748,0,0,N
hsa-mir-6749,0,0,N
hsa-mir-675,147,28.816563,N
hsa-mir-6750,0,0,N
hsa-mir-6751,2,0.392062,N
hsa-mir-6752,0,0,N
hsa-mir-6753,0,0,N
hsa-mir-6754,0,0,N
hsa-mir-6755,8,1.568248,N
hsa-mir-6756,0,0,N
hsa-mir-6757,0,0,N
hsa-mir-6758,0,0,N
hsa-mir-6759,0,0,N
hsa-mir-676,18,3.528559,N
hsa-mir-6760,0,0,N
hsa-mir-6761,8,1.568248,N
hsa-mir-6762,0,0,N
hsa-mir-6763,1,0.196031,N
hsa-mir-6764,1,0.196031,N
hsa-mir-6765,0,0,N
hsa-mir-6766,0,0,N
hsa-mir-6767,0,0,N
hsa-mir-6768,0,0,N
hsa-mir-6769a,0,0,N
hsa-mir-6769b,1,0.196031,N
hsa-mir-6770-1,0,0,N
hsa-mir-6770-2,0,0,N
hsa-mir-6770-3,0,0,N
hsa-mir-6771,0,0,N
hsa-mir-6772,0,0,N
hsa-mir-6773,0,0,N
hsa-mir-6774,1,0.196031,N
hsa-mir-6775,0,0,N
hsa-mir-6776,0,0,N
hsa-mir-6777,0,0,N
hsa-mir-6778,1,0.196031,N
hsa-mir-6779,0,0,N
hsa-mir-6780a,0,0,N
hsa-mir-6780b,0,0,N
hsa-mir-6781,3,0.588093,N
hsa-mir-6782,1,0.196031,N
hsa-mir-6783,1,0.196031,N
hsa-mir-6784,0,0,N
hsa-mir-6785,0,0,N
hsa-mir-6786,2,0.392062,N
hsa-mir-6787,0,0,N
hsa-mir-6788,2,0.392062,N
hsa-mir-6789,0,0,N
hsa-mir-6790,0,0,N
hsa-mir-6791,0,0,N
hsa-mir-6792,0,0,N
hsa-mir-6793,2,0.392062,N
hsa-mir-6794,0,0,N
hsa-mir-6795,0,0,N
hsa-mir-6796,0,0,N
hsa-mir-6797,0,0,N
hsa-mir-6798,3,0.588093,N
hsa-mir-6799,1,0.196031,N
hsa-mir-6800,0,0,N
hsa-mir-6801,0,0,N
hsa-mir-6802,1,0.196031,N
hsa-mir-6803,1,0.196031,N
hsa-mir-6804,1,0.196031,N
hsa-mir-6805,0,0,N
hsa-mir-6806,16,3.136497,N
hsa-mir-6807,1,0.196031,N
hsa-mir-6808,2,0.392062,N
hsa-mir-6809,0,0,N
hsa-mir-6810,1,0.196031,N
hsa-mir-6811,0,0,N
hsa-mir-6812,1,0.196031,N
hsa-mir-6813,1,0.196031,N
hsa-mir-6814,0,0,N
hsa-mir-6815,12,2.352372,N
hsa-mir-6816,0,0,N
hsa-mir-6817,0,0,N
hsa-mir-6818,0,0,N
hsa-mir-6819,0,0,N
hsa-mir-6820,7,1.372217,N
hsa-mir-6821,1,0.196031,N
hsa-mir-6822,0,0,N
hsa-mir-6823,0,0,N
hsa-mir-6824,0,0,N
hsa-mir-6825,0,0,N
hsa-mir-6826,0,0,N
hsa-mir-6827,0,0,N
hsa-mir-6828,0,0,N
hsa-mir-6829,0,0,N
hsa-mir-6830,0,0,N
hsa-mir-6831,0,0,N
hsa-mir-6832,0,0,N
hsa-mir-6833,2,0.392062,N
hsa-mir-6834,0,0,N
hsa-mir-6835,0,0,N
hsa-mir-6836,0,0,N
hsa-mir-6837,9,1.764279,N
hsa-mir-6838,0,0,N
hsa-mir-6839,1,0.196031,N
hsa-mir-6840,0,0,N
hsa-mir-6841,0,0,N
hsa-mir-6842,9,1.764279,N
hsa-mir-6843,2,0.392062,N
hsa-mir-6844,4,0.784124,N
hsa-mir-6845,1,0.196031,N
hsa-mir-6846,0,0,N
hsa-mir-6847,1,0.196031,N
hsa-mir-6848,0,0,N
hsa-mir-6849,0,0,N
hsa-mir-6850,3,0.588093,N
hsa-mir-6851,0,0,N
hsa-mir-6852,0,0,N
hsa-mir-6853,0,0,N
hsa-mir-6854,3,0.588093,N
hsa-mir-6855,1,0.196031,N
hsa-mir-6856,0,0,N
hsa-mir-6857,0,0,N
hsa-mir-6858,1,0.196031,N
hsa-mir-6859-1,0,0,N
hsa-mir-6859-2,0,0,N
hsa-mir-6859-3,0,0,N
hsa-mir-6859-4,0,0,N
hsa-mir-6860,2,0.392062,N
hsa-mir-6861,0,0,N
hsa-mir-6862-1,0,0,N
hsa-mir-6862-2,0,0,N
hsa-mir-6863,0,0,N
hsa-mir-6864,0,0,N
hsa-mir-6865,0,0,N
hsa-mir-6866,0,0,N
hsa-mir-6867,0,0,N
hsa-mir-6868,1,0.196031,N
hsa-mir-6869,0,0,N
hsa-mir-6870,3,0.588093,N
hsa-mir-6871,0,0,N
hsa-mir-6872,0,0,N
hsa-mir-6873,1,0.196031,N
hsa-mir-6874,1,0.196031,N
hsa-mir-6875,1,0.196031,N
hsa-mir-6876,0,0,N
hsa-mir-6877,0,0,N
hsa-mir-6878,0,0,N
hsa-mir-6879,0,0,N
hsa-mir-6880,0,0,N
hsa-mir-6881,0,0,N
hsa-mir-6882,1,0.196031,N
hsa-mir-6883,0,0,N
hsa-mir-6884,0,0,N
hsa-mir-6885,0,0,N
hsa-mir-6886,0,0,N
hsa-mir-6887,0,0,N
hsa-mir-6888,0,0,N
hsa-mir-6889,0,0,N
hsa-mir-6890,0,0,N
hsa-mir-6891,0,0,N
hsa-mir-6892,4,0.784124,N
hsa-mir-6893,0,0,N
hsa-mir-6894,0,0,N
hsa-mir-6895,0,0,N
hsa-mir-708,418,81.940974,N
hsa-mir-7-1,130,25.484035,N
hsa-mir-7106,0,0,N
hsa-mir-7107,0,0,N
hsa-mir-7108,0,0,N
hsa-mir-7109,0,0,N
hsa-mir-711,0,0,N
hsa-mir-7110,1,0.196031,N
hsa-mir-7111,1,0.196031,N
hsa-mir-7112,2,0.392062,N
hsa-mir-7113,0,0,N
hsa-mir-7114,0,0,N
hsa-mir-7150,0,0,N
hsa-mir-7151,0,0,N
hsa-mir-7152,0,0,N
hsa-mir-7153,0,0,N
hsa-mir-7154,0,0,N
hsa-mir-7155,0,0,N
hsa-mir-7156,0,0,N
hsa-mir-7157,0,0,N
hsa-mir-7158,0,0,N
hsa-mir-7159,0,0,N
hsa-mir-7160,0,0,N
hsa-mir-7161,0,0,N
hsa-mir-7162,0,0,N
hsa-mir-718,0,0,N
hsa-mir-7-2,0,0,N
hsa-mir-7-3,0,0,N
hsa-mir-744,213,41.754611,N
hsa-mir-7515,0,0,N
hsa-mir-758,126,24.699911,N
hsa-mir-759,0,0,N
hsa-mir-760,6,1.176186,N
hsa-mir-761,0,0,N
hsa-mir-762,0,0,N
hsa-mir-764,0,0,N
hsa-mir-7641-1,0,0,N
hsa-mir-7641-2,0,0,N
hsa-mir-765,0,0,N
hsa-mir-766,78,15.290421,N
hsa-mir-767,508,99.583767,N
hsa-mir-769,147,28.816563,N
hsa-mir-770,1,0.196031,N
hsa-mir-7702,5,0.980155,N
hsa-mir-7703,0,0,N
hsa-mir-7704,0,0,N
hsa-mir-7705,4,0.784124,N
hsa-mir-7706,7,1.372217,N
hsa-mir-7843,0,0,N
hsa-mir-7844,0,0,N
hsa-mir-7845,1,0.196031,N
hsa-mir-7846,6,1.176186,N
hsa-mir-7847,0,0,N
hsa-mir-7848,0,0,N
hsa-mir-7849,0,0,N
hsa-mir-7850,0,0,N
hsa-mir-7851,0,0,N
hsa-mir-7852,0,0,N
hsa-mir-7853,0,0,N
hsa-mir-7854,1,0.196031,N
hsa-mir-7855,0,0,N
hsa-mir-7856,0,0,N
hsa-mir-7973-1,0,0,N
hsa-mir-7973-2,0,0,N
hsa-mir-7974,3,0.588093,N
hsa-mir-7975,0,0,N
hsa-mir-7976,0,0,N
hsa-mir-7977,0,0,N
hsa-mir-7978,0,0,N
hsa-mir-802,4,0.784124,N
hsa-mir-8052,0,0,N
hsa-mir-8053,0,0,N
hsa-mir-8054,0,0,N
hsa-mir-8055,0,0,N
hsa-mir-8056,0,0,N
hsa-mir-8057,0,0,N
hsa-mir-8058,0,0,N
hsa-mir-8059,0,0,N
hsa-mir-8060,0,0,N
hsa-mir-8061,0,0,N
hsa-mir-8062,0,0,N
hsa-mir-8063,0,0,N
hsa-mir-8064,0,0,N
hsa-mir-8065,0,0,N
hsa-mir-8066,0,0,N
hsa-mir-8067,0,0,N
hsa-mir-8068,0,0,N
hsa-mir-8069-1,0,0,N
hsa-mir-8069-2,0,0,N
hsa-mir-8070,0,0,N
hsa-mir-8071-1,0,0,N
hsa-mir-8071-2,0,0,N
hsa-mir-8072,1,0.196031,N
hsa-mir-8073,0,0,N
hsa-mir-8074,0,0,N
hsa-mir-8075,0,0,N
hsa-mir-8076,0,0,N
hsa-mir-8077,0,0,N
hsa-mir-8078,0,0,N
hsa-mir-8079,0,0,N
hsa-mir-8080,0,0,N
hsa-mir-8081,0,0,N
hsa-mir-8082,0,0,N
hsa-mir-8083,0,0,N
hsa-mir-8084,0,0,N
hsa-mir-8085,0,0,N
hsa-mir-8086,0,0,N
hsa-mir-8087,0,0,N
hsa-mir-8088,0,0,N
hsa-mir-8089,0,0,N
hsa-mir-8485,0,0,N
hsa-mir-873,0,0,N
hsa-mir-874,125,24.50388,N
hsa-mir-875,0,0,N
hsa-mir-876,0,0,N
hsa-mir-877,19,3.72459,N
hsa-mir-885,812,159.177203,N
hsa-mir-887,23,4.508714,N
hsa-mir-888,0,0,N
hsa-mir-889,120,23.523725,N
hsa-mir-890,0,0,N
hsa-mir-891a,10,1.96031,N
hsa-mir-891b,0,0,N
hsa-mir-892a,0,0,N
hsa-mir-892b,0,0,N
hsa-mir-892c,0,0,N
hsa-mir-9-1,289,56.65297,N
hsa-mir-9-2,333,65.278336,N
hsa-mir-920,0,0,N
hsa-mir-921,0,0,N
hsa-mir-922,0,0,N
hsa-mir-924,0,0,N
hsa-mir-92a-1,58335,11435.470601,N
hsa-mir-92a-2,52490,10289.669184,N
hsa-mir-92b,189,37.049866,N
hsa-mir-93,36081,7072.995882,N
hsa-mir-9-3,297,58.221218,N
hsa-mir-933,0,0,N
hsa-mir-934,0,0,N
hsa-mir-935,12,2.352372,N
hsa-mir-936,0,0,N
hsa-mir-937,16,3.136497,N
hsa-mir-938,0,0,N
hsa-mir-939,3,0.588093,N
hsa-mir-940,17,3.332528,N
hsa-mir-941-1,0,0,N
hsa-mir-941-2,0,0,N
hsa-mir-941-3,0,0,N
hsa-mir-941-4,0,0,N
hsa-mir-941-5,0,0,N
hsa-mir-942,17,3.332528,N
hsa-mir-943,0,0,N
hsa-mir-944,2,0.392062,N
hsa-mir-95,30,5.880931,N
hsa-mir-9500,0,0,N
hsa-mir-96,21,4.116652,N
hsa-mir-98,225,44.106984,N
hsa-mir-99a,4393,861.16435,Y
hsa-mir-99b,82748,16221.176331,N
